topic_id,page_count,website_count,name,top_words,representative_docs
-1,111,22,-1_pharmacie_class_bus_emile,outliers,""
0,2884,1737,0_2015_luxembourg_contact_00,"2015, luxembourg, contact, 00, 2014, 352, 07, services, 30, 15","* Publications
  * Presse
  * N°s Permanences
  * Plan du site
  * Contact
  * Générique
  * A A A

  * Accueil
  * La Ville
  * Citoyens et résidents
  * Politique et Administration
  * Mobilité
  * Culture et Loisirs
  * Environnement et Urbanisme
  * Economie et Commerce

* à la une
* Une identité forte : multiplicity
* City App - Application mobile
* Histoire de la ville
* Tourisme
* Parcs et jardins
* Venir à Luxembourg
* La ville en chiffres
* La ville en images
* Publications Magazines et...
---
|

VERSION MALVOYANTS

RECHERCHE:

Formulaires & contact | Agences & Services | Plan du portail
Caisse nationale de sante | Tlphone: 27 57 - 1 | 125, route d'Esch | L-1471 Luxembourg 
Dpliants | FAQ | Le saviez-vous? | Lgislation | Publications | Presse | Liens | A propos
  

  

Bienvenue a la Caisse nationale de sante.  
La CNS - encore appelee d'Gesondheetskeess - et son reseau d'agences locales
se presentent a vous.

Accueil

 | 
# Agences et services  

Trouvez ici pour votre facilite la ve...
---
* News
  * Themen
  * Tools
  * Über Uns
  * bee.lu

  * youth.lu
  * cases.lu
  * circl.lu

  * Français
  * Deutsch

Suche

Erweiterte Suche

  * Agenda
  * Videos
  * Kontakt
  * Publikationen

# News

## Sie sind hier

Startseite

< Menu

## Top news

### « Fake-Anrufe » von angeblichen Microsoft Mitarbeitern

04.08.2015

In den letzten Wochen kommt es wieder vermehrt zu Fake-Anrufen angeblicher
Microsoft Mitarbeiter bei ahnungslosen PC-Usern.

Die Masche ist nicht neu und scheint immer noch..."
1,43,18,1_luxembourg_delhaize_mazars_immobilier,"luxembourg, delhaize, mazars, immobilier, cookies, bmw, favoris, recettes, recherche, fur","x En poursuivant votre navigation sur atHome.lu, vous acceptez que des cookies
soient utilisés afin d’améliorer votre expérience utilisateur et de vous
offrir des contenus personnalisés. En savoir plus

atHome.lu | Annonces immobilières au Luxembourg. Le portail immobilier n°1 au Luxembourg. Accès professionnel  Publier une annonce
  * Acheter
Appartement Maison Terrain Résidence Lotissement Neuf

  * Louer
Appartement Maison Commerce Location de vacances

  * Neuf
Immobilier Neuf Résidences Neu...
---
x En poursuivant votre navigation sur atHome.lu, vous acceptez que des cookies
soient utilisés afin d’améliorer votre expérience utilisateur et de vous
offrir des contenus personnalisés. En savoir plus

atHome.lu | Annonces immobilières au Luxembourg. Le portail immobilier n°1 au Luxembourg. Accès professionnel  Publier une annonce
  * Acheter
Appartement Maison Terrain Résidence Lotissement Neuf

  * Louer
Appartement Maison Commerce Location de vacances

  * Neuf
Immobilier Neuf Résidences Neu...
---
x En poursuivant votre navigation sur atOffice.lu, vous acceptez que des
cookies soient utilisés afin d’améliorer votre expérience utilisateur et de
vous offrir des contenus personnalisés. En savoir plus

Immobilier d'entreprise Luxembourg et annonces de biens commerciaux au Luxembourg | atOffice Luxembourg Accès professionnel  Publier une annonce
  * Louer
bureaux Commerces restauration / hôtellerie fond de commerces Entrepôts
garages

  * Acheter
bureaux Commerces restauration / hôtellerie fon..."
2,34,5,2_000_529_542_543,"000, 529, 542, 543, annonce, voir annonce, voir, 500, annonces, 000 000","# N°1 des occasions Autos / Motos au Luxembourg

¤ Annonces du jour  
¤ Mon espace perso  
¤ Recherche détaillée  
¤ Recherche par garage  

Connectez-vous à votre compte pour personnaliser vos raccourcis

Déjà utilisateur ?

    Se connecter
Nouvel utilisateur ?

    Créer votre compte
  * RECHERCHER
    * Annonces du jour
    * Par marque
    * Par garage
    * Détaillée
    * Par véhicule
    * Voitures
    * Motos
    * Utilitaires
    * Jantes + pneus
    * Autres véhicules...
    * Par cat...
---
# N°1 des occasions Autos / Motos au Luxembourg

¤ Annonces du jour  
¤ Mon espace perso  
¤ Recherche détaillée  
¤ Recherche par garage  

Connectez-vous à votre compte pour personnaliser vos raccourcis

Déjà utilisateur ?

    Se connecter
Nouvel utilisateur ?

    Créer votre compte
  * RECHERCHER
    * Annonces du jour
    * Par marque
    * Par garage
    * Détaillée
    * Par véhicule
    * Voitures
    * Motos
    * Utilitaires
    * Jantes + pneus
    * Autres véhicules...
    * Par cat...
---
# N°1 des occasions Autos / Motos au Luxembourg

¤ Annonces du jour  
¤ Mon espace perso  
¤ Recherche détaillée  
¤ Recherche par garage  

Connectez-vous à votre compte pour personnaliser vos raccourcis

Déjà utilisateur ?

    Se connecter
Nouvel utilisateur ?

    Créer votre compte
  * RECHERCHER
    * Annonces du jour
    * Par marque
    * Par garage
    * Détaillée
    * Par véhicule
    * Voitures
    * Motos
    * Utilitaires
    * Jantes + pneus
    * Autres véhicules...
    * Par cat..."
